Term,Df,SumOfSqs,R2,F,Pr(>F)
Country,4,9.531034567802058,0.4898385517454674,29.525036667721768,0.001
