"","Term","Df","SumOfSqs","R2","F","Pr(>F)"
"1","Model",1,0.57931795926142,0.0650203287337178,5.21564778881701,0.001
